                  epoch,         train/box_loss,         train/cls_loss,         train/dfl_loss,   metrics/precision(B),      metrics/recall(B),       metrics/mAP50(B),    metrics/mAP50-95(B),           val/box_loss,           val/cls_loss,           val/dfl_loss,                 lr/pg0,                 lr/pg1,                 lr/pg2
                      0,                  1.118,                 3.9174,                 1.4066,                 0.0075,                0.96875,                0.16186,                0.10738,                0.73125,                 3.5997,                 1.2415,                0.08812,                0.00012,                0.00012
                      1,                 1.0242,                 3.8535,                 1.3518,                0.00687,                0.84375,                0.14043,                0.09473,                0.70637,                 3.5392,                  1.195,                0.07525,             0.00024975,             0.00024975
                      2,                0.96937,                  3.793,                 1.3104,                0.00911,                0.84375,                0.17821,                0.12947,                0.69344,                 3.5075,                  1.189,               0.062379,             0.00037925,             0.00037925
                      3,                0.85364,                 3.7164,                 1.2202,                0.01272,                  0.875,                 0.2366,                0.18575,                0.65428,                  3.473,                 1.1527,               0.049508,             0.00050849,             0.00050849
                      4,                0.88198,                 3.6503,                 1.2384,                0.01073,                  0.875,                 0.2826,                0.21593,                0.65109,                 3.4261,                 1.1416,               0.036637,             0.00063747,             0.00063747
                      5,                0.80863,                 3.6094,                 1.2135,                0.00943,                  0.875,                 0.3351,                0.27608,                0.63379,                  3.333,                 1.1439,               0.023766,             0.00076619,             0.00076619
                      6,                0.82414,                 3.4512,                 1.2221,                0.01071,                      1,                0.37863,                0.30149,                0.65774,                 3.2439,                 1.1518,               0.010895,             0.00089465,             0.00089465
                      7,                0.79629,                 3.3882,                 1.1905,                 0.7928,                0.09375,                0.38169,                0.30182,                0.65942,                 3.0573,                 1.1427,             0.00099307,             0.00099307,             0.00099307
                      8,                0.85903,                  3.277,                 1.2156,                0.70839,                0.17657,                0.38744,                0.30066,                0.71001,                 2.7575,                  1.181,             0.00099307,             0.00099307,             0.00099307
                      9,                0.78361,                 3.1325,                 1.1766,                0.51409,                0.47532,                 0.3968,                0.31827,                0.73295,                 2.4057,                 1.1885,             0.00099208,             0.00099208,             0.00099208
                     10,                0.80615,                 2.9735,                 1.1919,                0.46365,                0.56868,                0.38829,                0.30314,                0.78908,                 2.2441,                 1.2493,             0.00099109,             0.00099109,             0.00099109
                     11,                0.82962,                 2.8725,                 1.1877,                0.61827,                0.39375,                0.40623,                0.30928,                0.79929,                 2.5167,                 1.2371,              0.0009901,              0.0009901,              0.0009901
                     12,                0.82429,                 2.7832,                 1.2124,                0.48784,                0.37868,                0.43709,                0.35517,                0.75959,                 2.3504,                 1.2146,             0.00098911,             0.00098911,             0.00098911
                     13,                0.87517,                  2.669,                 1.2334,                0.20376,                0.57693,                0.44407,                0.36189,                0.70813,                 2.1034,                 1.1641,             0.00098812,             0.00098812,             0.00098812
                     14,                0.85269,                 2.5888,                 1.2079,                0.47768,                0.49792,                0.48992,                0.39845,                0.68546,                  2.033,                 1.1476,             0.00098713,             0.00098713,             0.00098713
                     15,                0.82786,                 2.5031,                 1.1865,                0.54605,                0.52738,                0.49663,                0.41667,                0.67748,                 1.9253,                  1.146,             0.00098614,             0.00098614,             0.00098614
                     16,                0.79903,                 2.3972,                 1.1465,                0.69354,                0.44467,                0.53702,                0.44744,                0.68135,                  1.885,                 1.1392,             0.00098515,             0.00098515,             0.00098515
                     17,                0.79291,                 2.3241,                 1.1616,                 0.6725,                0.46667,                0.54393,                0.45305,                0.69381,                 1.8186,                 1.1391,             0.00098416,             0.00098416,             0.00098416
                     18,                0.81953,                 2.3119,                 1.1792,                0.67164,                0.46028,                0.54788,                0.45559,                0.69732,                 1.7776,                 1.1256,             0.00098317,             0.00098317,             0.00098317
                     19,                0.82127,                 2.1731,                 1.1711,                 0.6964,                0.50903,                0.60764,                0.49484,                 0.6905,                 1.7089,                 1.1259,             0.00098218,             0.00098218,             0.00098218
                     20,                 0.8081,                 2.1243,                 1.1585,                0.72754,                0.42569,                0.63293,                0.51648,                0.69607,                 1.6599,                 1.1263,             0.00098119,             0.00098119,             0.00098119
                     21,                0.74267,                 2.1068,                 1.1254,                 0.8356,                0.40699,                0.66094,                0.53435,                0.66258,                 1.6069,                  1.099,              0.0009802,              0.0009802,              0.0009802
                     22,                0.75587,                 2.0857,                 1.1326,                0.81394,                  0.484,                0.70028,                0.56406,                0.67454,                  1.592,                  1.088,             0.00097921,             0.00097921,             0.00097921
                     23,                0.78686,                 2.0523,                 1.1581,                0.80166,                0.52844,                0.69417,                0.56618,                 0.7379,                 1.5172,                 1.1271,             0.00097822,             0.00097822,             0.00097822
                     24,                0.76039,                 1.9994,                 1.1232,                0.82203,                0.54872,                0.69454,                0.57406,                0.74773,                 1.4486,                 1.1609,             0.00097723,             0.00097723,             0.00097723
                     25,                0.77428,                 1.9729,                 1.1445,                0.81916,                0.60312,                0.76897,                0.64193,                0.69738,                 1.4114,                   1.13,             0.00097624,             0.00097624,             0.00097624
                     26,                0.74035,                 1.9223,                 1.1192,                 0.8034,                0.61411,                0.75714,                0.62306,                 0.7202,                 1.3969,                  1.137,             0.00097525,             0.00097525,             0.00097525
                     27,                0.73358,                 1.8709,                 1.0968,                0.81089,                0.63501,                0.77493,                0.63887,                0.70733,                   1.33,                 1.1181,             0.00097426,             0.00097426,             0.00097426
                     28,                0.74508,                 1.7853,                 1.0982,                0.87928,                0.62706,                0.79958,                0.66273,                 0.6989,                 1.2994,                 1.1175,             0.00097327,             0.00097327,             0.00097327
                     29,                0.73003,                  1.686,                 1.0997,                0.81708,                0.63648,                0.79863,                 0.6701,                0.68563,                 1.2725,                 1.1127,             0.00097228,             0.00097228,             0.00097228
                     30,                0.72547,                 1.6989,                 1.0908,                0.84617,                0.66478,                0.79954,                0.66669,                0.68769,                 1.2759,                 1.1134,             0.00097129,             0.00097129,             0.00097129
                     31,                0.72544,                 1.7006,                  1.103,                0.90522,                 0.5365,                0.81724,                0.69128,                0.69204,                  1.253,                 1.1195,              0.0009703,              0.0009703,              0.0009703
                     32,                0.72389,                 1.6695,                 1.0898,                 0.8052,                 0.6675,                0.80009,                0.67203,                0.67962,                 1.2125,                  1.116,             0.00096931,             0.00096931,             0.00096931
                     33,                0.72927,                 1.6391,                 1.1051,                0.77792,                 0.7006,                0.81814,                 0.6807,                0.69059,                  1.162,                 1.1345,             0.00096832,             0.00096832,             0.00096832
                     34,                0.70086,                 1.5811,                 1.0866,                  0.919,                0.60879,                0.84029,                0.71252,                0.68321,                 1.1418,                 1.1375,             0.00096733,             0.00096733,             0.00096733
                     35,                0.74307,                 1.5756,                 1.1031,                0.83876,                0.72141,                 0.8457,                0.71952,                0.66435,                 1.1419,                 1.1143,             0.00096634,             0.00096634,             0.00096634
                     36,                 0.7305,                 1.5691,                 1.0715,                 0.9282,                0.61228,                0.85153,                0.72036,                0.66778,                 1.1359,                 1.1073,             0.00096535,             0.00096535,             0.00096535
                     37,                0.70858,                 1.5352,                 1.0964,                0.94504,                0.59406,                0.84552,                0.70764,                0.68206,                  1.113,                 1.1015,             0.00096436,             0.00096436,             0.00096436
                     38,                0.68687,                  1.519,                 1.0712,                0.93174,                0.61198,                0.83967,                0.71317,                0.69708,                 1.1027,                 1.1075,             0.00096337,             0.00096337,             0.00096337
                     39,                0.69474,                 1.5122,                 1.0924,                 0.9489,                0.61791,                0.83085,                0.68654,                0.68884,                 1.1192,                 1.1138,             0.00096238,             0.00096238,             0.00096238
                     40,                0.69287,                 1.4646,                 1.0757,                0.71512,                0.75791,                0.78903,                0.65802,                0.69889,                 1.1982,                 1.1248,             0.00096139,             0.00096139,             0.00096139
                     41,                0.69899,                 1.4505,                 1.0914,                0.78389,                 0.7512,                0.77876,                0.63852,                    0.7,                 1.2115,                 1.1339,              0.0009604,              0.0009604,              0.0009604
                     42,                0.66538,                 1.4453,                  1.066,                0.90086,                  0.644,                0.81922,                0.67591,                0.68715,                 1.1608,                 1.1286,             0.00095941,             0.00095941,             0.00095941
                     43,                0.69895,                 1.3958,                 1.0922,                0.69041,                0.78461,                0.83366,                0.68449,                0.69227,                 1.0938,                 1.1221,             0.00095842,             0.00095842,             0.00095842
                     44,                0.66182,                 1.3714,                 1.0744,                0.75056,                0.80443,                0.83555,                0.69244,                0.68373,                 1.0764,                 1.1146,             0.00095743,             0.00095743,             0.00095743
                     45,                0.63207,                  1.311,                 1.0323,                0.74603,                 0.7662,                0.83951,                0.69695,                0.69047,                 1.0988,                 1.1174,             0.00095644,             0.00095644,             0.00095644
                     46,                0.66271,                 1.2977,                 1.0408,                0.82158,                 0.7548,                0.83714,                0.68744,                0.68814,                 1.0692,                 1.1248,             0.00095545,             0.00095545,             0.00095545
                     47,                0.66595,                 1.3254,                 1.0558,                0.76011,                0.80486,                0.83165,                0.69774,                0.67433,                 1.0771,                 1.1106,             0.00095446,             0.00095446,             0.00095446
                     48,                0.66379,                 1.3085,                  1.064,                0.85344,                0.80486,                 0.8302,                0.67596,                0.66113,                 1.1013,                  1.116,             0.00095347,             0.00095347,             0.00095347
                     49,                0.67077,                 1.2894,                  1.067,                0.86161,                0.81204,                0.83667,                0.68987,                0.67576,                 1.1316,                 1.1303,             0.00095248,             0.00095248,             0.00095248
                     50,                0.64832,                 1.2281,                 1.0508,                0.86626,                0.81669,                0.82982,                0.68111,                0.69209,                 1.0943,                 1.1252,             0.00095149,             0.00095149,             0.00095149
                     51,                0.65515,                 1.2454,                 1.0612,                0.88882,                0.81922,                0.83462,                0.67369,                0.70057,                 1.0939,                 1.1134,              0.0009505,              0.0009505,              0.0009505
                     52,                0.67957,                 1.2473,                 1.0654,                0.90877,                0.82524,                0.82769,                0.67829,                0.68773,                 1.0677,                 1.1133,             0.00094951,             0.00094951,             0.00094951
                     53,                0.65222,                 1.2308,                 1.0495,                0.92687,                0.82801,                0.85166,                0.69136,                0.69081,                 1.0735,                 1.1083,             0.00094852,             0.00094852,             0.00094852
                     54,                0.66765,                 1.2655,                 1.0627,                 0.9337,                0.81999,                0.84336,                 0.7065,                0.67302,                 1.0363,                 1.0995,             0.00094753,             0.00094753,             0.00094753
                     55,                0.63445,                 1.1919,                 1.0077,                 0.9415,                0.82612,                0.85826,                0.72207,                0.66235,                0.94832,                 1.0969,             0.00094654,             0.00094654,             0.00094654
                     56,                0.65869,                 1.2227,                 1.0527,                0.92622,                0.82576,                0.86338,                0.73617,                0.66155,                 0.9397,                 1.0968,             0.00094555,             0.00094555,             0.00094555
                     57,                0.61969,                 1.1567,                 1.0298,                0.87014,                0.84576,                0.84863,                0.72322,                0.67221,                0.97122,                 1.1067,             0.00094456,             0.00094456,             0.00094456
                     58,                0.61021,                 1.1989,                 1.0321,                0.94198,                0.77287,                 0.8466,                0.72018,                0.66485,                0.97089,                 1.1083,             0.00094357,             0.00094357,             0.00094357
                     59,                0.66812,                 1.2084,                 1.0473,                0.94269,                0.78398,                0.85128,                0.72409,                0.66886,                0.99435,                 1.1063,             0.00094258,             0.00094258,             0.00094258
                     60,                0.62443,                   1.16,                 1.0331,                0.93697,                0.76629,                0.84251,                0.72142,                0.64994,                 1.0221,                 1.0964,             0.00094159,             0.00094159,             0.00094159
                     61,                0.65193,                 1.1799,                 1.0492,                0.92304,                0.79729,                 0.8517,                0.71233,                0.64743,                  0.991,                 1.0859,              0.0009406,              0.0009406,              0.0009406
                     62,                0.62833,                 1.1431,                 1.0425,                0.89396,                0.80622,                0.82305,                0.69572,                0.65809,                0.97457,                 1.0992,             0.00093961,             0.00093961,             0.00093961
                     63,                0.62521,                 1.0885,                 1.0448,                0.87701,                0.81475,                0.82606,                0.69064,                0.68049,                0.96359,                  1.111,             0.00093862,             0.00093862,             0.00093862
                     64,                0.66401,                 1.1539,                 1.0395,                0.94003,                0.74736,                0.86366,                0.71756,                0.66725,                0.94409,                 1.0974,             0.00093763,             0.00093763,             0.00093763
                     65,                0.62509,                 1.0978,                 1.0514,                0.90577,                0.79119,                0.87145,                0.72391,                0.66649,                0.93156,                 1.0897,             0.00093664,             0.00093664,             0.00093664
                     66,                0.62731,                 1.0887,                 1.0319,                0.94058,                0.76902,                0.87518,                0.74017,                0.66156,                0.92346,                 1.0852,             0.00093565,             0.00093565,             0.00093565
                     67,                0.61794,                 1.0732,                 1.0279,                0.95716,                 0.7546,                0.87101,                0.72802,                0.67797,                0.94381,                 1.0844,             0.00093466,             0.00093466,             0.00093466
                     68,                0.59251,                   1.06,                 1.0091,                 0.9669,                0.75995,                0.87254,                0.73715,                0.67838,                0.97488,                 1.0927,             0.00093367,             0.00093367,             0.00093367
                     69,                0.60208,                 1.0976,                 1.0344,                0.85462,                0.83738,                0.85803,                0.71056,                0.69493,                 1.0053,                 1.1048,             0.00093268,             0.00093268,             0.00093268
                     70,                 0.6375,                 1.0626,                 1.0356,                0.92175,                0.79562,                0.85063,                0.69957,                0.68807,                0.99791,                 1.1007,             0.00093169,             0.00093169,             0.00093169
                     71,                 0.6256,                 1.0516,                 1.0342,                0.91834,                0.79824,                0.84935,                0.70798,                0.68756,                0.99059,                 1.1012,              0.0009307,              0.0009307,              0.0009307
                     72,                0.57892,                 1.0393,                 1.0153,                0.93549,                0.80431,                0.85056,                0.70242,                0.66773,                 1.0007,                 1.0931,             0.00092971,             0.00092971,             0.00092971
                     73,                0.60887,                 1.0465,                 1.0022,                 0.9304,                0.81682,                0.85474,                0.71603,                0.65983,                0.96377,                 1.0923,             0.00092872,             0.00092872,             0.00092872
                     74,                0.57494,                0.98538,                 1.0102,                0.91398,                0.83681,                0.85351,                0.70678,                0.68977,                0.96561,                 1.1114,             0.00092773,             0.00092773,             0.00092773
                     75,                0.60582,                 1.0451,                 1.0256,                0.94902,                0.79352,                0.86996,                0.73297,                0.68005,                0.98857,                 1.0984,             0.00092674,             0.00092674,             0.00092674
                     76,                0.61871,                 1.0825,                 1.0376,                0.95597,                0.80022,                0.87564,                0.73789,                0.69486,                 0.9441,                 1.1146,             0.00092575,             0.00092575,             0.00092575
                     77,                0.55677,                  1.081,                 1.0118,                0.97494,                0.77934,                0.87564,                0.73153,                0.70498,                0.91051,                 1.1231,             0.00092476,             0.00092476,             0.00092476
                     78,                0.55179,                0.97544,                0.98851,                0.92218,                0.82456,                0.87464,                 0.7247,                0.71059,                0.91435,                 1.1292,             0.00092377,             0.00092377,             0.00092377
                     79,                0.57464,                 1.0143,                 1.0194,                0.98288,                0.82176,                0.87764,                0.73935,                0.70396,                0.84636,                 1.1245,             0.00092278,             0.00092278,             0.00092278
                     80,                0.58452,                 1.0424,                 1.0162,                0.96216,                0.81349,                0.86659,                0.72542,                0.70029,                0.87517,                 1.1244,             0.00092179,             0.00092179,             0.00092179
                     81,                0.58743,                 1.0308,                 1.0211,                0.95054,                0.80252,                0.86659,                 0.7281,                0.70372,                0.91589,                 1.1319,              0.0009208,              0.0009208,              0.0009208
                     82,                0.56437,                0.95586,                0.98869,                0.93749,                0.80284,                0.86755,                0.73754,                0.69739,                0.91257,                 1.1279,             0.00091981,             0.00091981,             0.00091981
                     83,                0.58803,                 1.0082,                 1.0355,                0.97265,                0.83976,                0.88803,                0.74528,                0.69757,                0.87001,                 1.1207,             0.00091882,             0.00091882,             0.00091882
                     84,                0.56457,                 1.0276,                  1.014,                0.96799,                0.82891,                0.88804,                 0.7408,                0.71477,                0.88987,                 1.1333,             0.00091783,             0.00091783,             0.00091783
                     85,                 0.5755,                0.99538,                 1.0097,                0.94929,                0.84223,                0.88181,                0.74199,                0.68996,                0.88348,                  1.111,             0.00091684,             0.00091684,             0.00091684
                     86,                0.57333,                 1.0042,                 1.0099,                0.95387,                0.84053,                0.88181,                0.74633,                 0.6751,                 0.8586,                 1.1084,             0.00091585,             0.00091585,             0.00091585
                     87,                0.58612,                 1.0262,                 1.0158,                0.86688,                0.82233,                0.86455,                0.70689,                0.70012,                0.90193,                 1.1282,             0.00091486,             0.00091486,             0.00091486
                     88,                0.57966,                0.97802,                 1.0067,                0.93762,                0.81003,                0.88528,                 0.7329,                0.69106,                0.86358,                 1.1185,             0.00091387,             0.00091387,             0.00091387
                     89,                 0.5652,                0.96966,                 1.0138,                 0.9241,                0.82434,                0.88177,                0.72253,                 0.7088,                0.89235,                 1.1162,             0.00091288,             0.00091288,             0.00091288
                     90,                0.54567,                0.96993,                 1.0039,                0.92317,                0.84213,                0.88802,                0.73325,                0.69497,                0.87913,                 1.0998,             0.00091189,             0.00091189,             0.00091189
                     91,                0.58044,                 1.0196,                 1.0087,                0.77926,                0.84476,                0.88802,                0.74753,                0.67363,                0.86738,                 1.0835,              0.0009109,              0.0009109,              0.0009109
                     92,                0.55602,                0.92195,                 1.0016,                0.94013,                0.79729,                0.88177,                 0.7534,                0.68086,                0.84866,                 1.0877,             0.00090991,             0.00090991,             0.00090991
                     93,                0.55798,                0.95013,                 1.0099,                0.96847,                0.79717,                0.88802,                0.74798,                0.68593,                0.84044,                 1.0937,             0.00090892,             0.00090892,             0.00090892
                     94,                0.55955,                 0.9693,                 1.0047,                0.97234,                0.80436,                0.88386,                0.73162,                0.70561,                0.84071,                 1.1058,             0.00090793,             0.00090793,             0.00090793
                     95,                0.58463,                0.94765,                 1.0139,                0.95036,                0.82635,                0.88233,                0.74136,                0.70786,                0.86138,                 1.1119,             0.00090694,             0.00090694,             0.00090694
                     96,                0.56797,                0.96401,                 1.0127,                0.95507,                 0.8193,                0.88233,                0.74058,                0.70463,                 0.8649,                 1.1065,             0.00090595,             0.00090595,             0.00090595
                     97,                0.56865,                0.96253,                0.99861,                0.97117,                0.82773,                0.88802,                0.73249,                0.70256,                0.87625,                 1.1058,             0.00090496,             0.00090496,             0.00090496
                     98,                0.54602,                0.92553,                0.99646,                0.95876,                0.84842,                0.88802,                0.75171,                0.67848,                0.84619,                  1.097,             0.00090397,             0.00090397,             0.00090397
                     99,                0.53782,                0.92299,                0.98006,                0.93456,                0.82025,                0.88385,                0.75715,                0.67059,                0.82403,                 1.1036,             0.00090298,             0.00090298,             0.00090298
                    100,                0.53035,                0.94133,                 1.0073,                0.96319,                0.81163,                0.88386,                0.74118,                0.68916,                0.78807,                 1.1095,             0.00090199,             0.00090199,             0.00090199
                    101,                0.54036,                0.92607,                0.99209,                0.95344,                 0.8187,                0.88802,                0.75369,                0.69429,                0.77935,                 1.1151,               0.000901,               0.000901,               0.000901
                    102,                0.53609,                 0.8914,                 0.9752,                0.96104,                0.79904,                0.88802,                0.75987,                0.68996,                0.79254,                 1.1123,             0.00090001,             0.00090001,             0.00090001
                    103,                 0.5384,                0.94286,                0.98883,                0.94607,                0.82427,                0.88819,                0.74149,                0.72004,                0.81605,                   1.12,             0.00089902,             0.00089902,             0.00089902
                    104,                  0.533,                0.90672,                0.98077,                0.96307,                0.80132,                0.88493,                0.73687,                0.70979,                0.84852,                   1.11,             0.00089803,             0.00089803,             0.00089803
                    105,                0.55565,                0.94541,                 1.0137,                0.94363,                0.82266,                 0.8847,                0.72947,                0.70937,                 0.8499,                 1.1059,             0.00089704,             0.00089704,             0.00089704
                    106,                0.54645,                0.90505,                0.97709,                0.95694,                0.82882,                0.88462,                 0.7404,                0.70725,                0.85977,                  1.098,             0.00089605,             0.00089605,             0.00089605
                    107,                0.53953,                0.92618,                 1.0027,                0.95716,                0.86019,                0.89892,                0.75564,                0.69327,                0.82817,                 1.0953,             0.00089506,             0.00089506,             0.00089506
                    108,                0.54044,                0.89627,                0.99553,                0.95115,                0.84183,                 0.8887,                0.75015,                0.67851,                0.78725,                  1.089,             0.00089407,             0.00089407,             0.00089407
                    109,                 0.5368,                0.90323,                0.99493,                  0.905,                0.85818,                0.88464,                0.73105,                  0.701,                0.80061,                 1.1007,             0.00089308,             0.00089308,             0.00089308
                    110,                 0.5329,                0.89622,                0.98103,                0.89616,                0.84163,                0.89075,                0.74811,                0.69444,                0.82735,                 1.0929,             0.00089209,             0.00089209,             0.00089209
                    111,                0.54679,                0.92544,                0.99176,                0.76748,                0.96552,                 0.9112,                0.75845,                0.71593,                0.82288,                  1.114,              0.0008911,              0.0008911,              0.0008911
                    112,                0.52035,                0.92079,                0.98886,                0.90512,                0.82908,                 0.8906,                0.73524,                0.70332,                0.82164,                 1.1037,             0.00089011,             0.00089011,             0.00089011
                    113,                0.52654,                0.90228,                0.98546,                0.88876,                0.85813,                0.88026,                0.71839,                0.73751,                0.83585,                 1.1252,             0.00088912,             0.00088912,             0.00088912
                    114,                0.49395,                0.86241,                0.97203,                 0.9016,                0.85344,                0.88037,                0.72941,                 0.7179,                0.84323,                 1.1199,             0.00088813,             0.00088813,             0.00088813
                    115,                0.54815,                0.88783,                0.99787,                0.91225,                0.80919,                0.87378,                0.72909,                0.70206,                0.83859,                 1.1178,             0.00088714,             0.00088714,             0.00088714
                    116,                0.53604,                0.87688,                 1.0089,                 0.9282,                0.81489,                0.87344,                0.73368,                0.70605,                0.83858,                  1.126,             0.00088615,             0.00088615,             0.00088615
                    117,                0.52937,                0.90709,                 1.0049,                0.91675,                0.83157,                0.88385,                0.74544,                0.67548,                0.82872,                 1.1089,             0.00088516,             0.00088516,             0.00088516
                    118,                0.52115,                0.85994,                0.97223,                0.90534,                0.82983,                0.87683,                0.75025,                0.69082,                0.81981,                 1.1219,             0.00088417,             0.00088417,             0.00088417
                    119,                0.54342,                0.86146,                0.99343,                0.88212,                0.83674,                0.87683,                0.74882,                0.70097,                0.81945,                 1.1314,             0.00088318,             0.00088318,             0.00088318
                    120,                0.53145,                0.86019,                0.97079,                0.89735,                0.83154,                0.88719,                0.75108,                0.70135,                0.83968,                 1.1268,             0.00088219,             0.00088219,             0.00088219
                    121,                0.52679,                0.84585,                0.98906,                0.97875,                0.78599,                0.97636,                0.84853,                0.69429,                0.82383,                 1.1116,              0.0008812,              0.0008812,              0.0008812
                    122,                0.51661,                0.84455,                0.97807,                0.90327,                0.82543,                0.88303,                0.75052,                0.70315,                0.82434,                 1.1195,             0.00088021,             0.00088021,             0.00088021
                    123,                0.51648,                0.90342,                0.97735,                0.96196,                0.81503,                0.89345,                0.76304,                0.68434,                0.79039,                 1.1016,             0.00087922,             0.00087922,             0.00087922
                    124,                0.49293,                0.82449,                0.96044,                0.96084,                0.78353,                0.89761,                0.75343,                0.68595,                0.81806,                 1.0995,             0.00087823,             0.00087823,             0.00087823
                    125,                0.50027,                0.87667,                0.98687,                0.95706,                0.78787,                0.89696,                0.76472,                0.69567,                0.83737,                 1.1035,             0.00087724,             0.00087724,             0.00087724
                    126,                0.52788,                0.86366,                0.97811,                 0.9266,                0.81696,                0.88308,                 0.7435,                0.70315,                0.83509,                 1.1074,             0.00087625,             0.00087625,             0.00087625
                    127,                 0.5147,                 0.8614,                0.97769,                0.95962,                0.77736,                0.87969,                0.72643,                0.70675,                0.82298,                 1.1211,             0.00087526,             0.00087526,             0.00087526
                    128,                0.51809,                0.85787,                0.98651,                0.96696,                0.75421,                0.87969,                0.72713,                0.72175,                0.84209,                 1.1425,             0.00087427,             0.00087427,             0.00087427
                    129,                0.49851,                0.82484,                0.98359,                 0.8947,                 0.8344,                0.89005,                0.73435,                0.70502,                0.81923,                 1.1234,             0.00087328,             0.00087328,             0.00087328
                    130,                0.52636,                 0.8625,                0.98928,                0.74634,                0.84222,                0.87475,                0.72318,                0.72285,                0.84111,                 1.1266,             0.00087229,             0.00087229,             0.00087229
                    131,                0.53455,                0.85788,                0.99231,                0.95665,                0.74893,                0.86888,                0.72172,                0.71569,                0.91219,                 1.1287,              0.0008713,              0.0008713,              0.0008713
                    132,                0.50923,                  0.846,                0.98251,                0.96917,                0.74827,                0.87475,                0.74463,                0.70143,                0.88842,                 1.1196,             0.00087031,             0.00087031,             0.00087031
                    133,                0.50173,                0.84153,                0.98494,                0.98189,                0.75811,                0.87891,                0.74696,                0.68923,                0.85675,                 1.1127,             0.00086932,             0.00086932,             0.00086932
                    134,                0.51942,                0.85271,                0.97302,                0.99035,                0.76006,                0.87364,                0.72637,                0.69513,                0.83395,                 1.1225,             0.00086833,             0.00086833,             0.00086833
                    135,                0.47738,                 0.8078,                0.95317,                0.93882,                0.81298,                0.88385,                 0.7443,                0.67885,                 0.7921,                 1.1033,             0.00086734,             0.00086734,             0.00086734
                    136,                0.48316,                0.81862,                0.97774,                0.97794,                0.78323,                0.88309,                0.74223,                 0.6821,                0.78658,                 1.0972,             0.00086635,             0.00086635,             0.00086635
                    137,                0.47315,                0.80461,                0.96065,                0.97836,                0.77931,                0.97155,                0.82396,                 0.6924,                0.79833,                 1.1019,             0.00086536,             0.00086536,             0.00086536
                    138,                0.52082,                 0.8264,                0.98192,                0.97817,                0.77828,                0.91079,                0.76531,                0.70976,                0.77901,                 1.1172,             0.00086437,             0.00086437,             0.00086437
                    139,                0.50725,                0.81059,                0.98916,                0.97083,                0.78956,                0.89006,                0.74311,                0.70524,                0.78968,                 1.1166,             0.00086338,             0.00086338,             0.00086338
                    140,                0.49977,                0.81494,                0.96662,                0.96707,                0.78931,                0.89007,                 0.7453,                0.69525,                0.78424,                    1.1,             0.00086239,             0.00086239,             0.00086239
                    141,                 0.4967,                0.83988,                0.96959,                  0.921,                0.81536,                0.89006,                0.74948,                0.68459,                0.78671,                 1.0955,              0.0008614,              0.0008614,              0.0008614
                    142,                0.48337,                0.79882,                0.95811,                0.73821,                0.96856,                0.90663,                0.76515,                0.68779,                0.78136,                    1.1,             0.00086041,             0.00086041,             0.00086041
                    143,                0.50466,                0.82518,                0.97912,                0.74348,                0.95711,                0.91079,                0.76742,                0.70294,                0.79435,                 1.1139,             0.00085942,             0.00085942,             0.00085942
                    144,                0.51125,                  0.826,                 0.9835,                0.96622,                0.77755,                 0.8797,                0.74204,                0.69652,                0.82392,                 1.1138,             0.00085843,             0.00085843,             0.00085843
                    145,                0.48735,                0.80733,                0.95877,                0.96424,                0.77974,                0.87969,                0.73989,                0.69298,                0.83126,                 1.1122,             0.00085744,             0.00085744,             0.00085744
                    146,                0.49057,                0.80715,                0.96849,                0.95512,                0.79172,                0.87969,                0.73508,                0.68931,                0.82181,                 1.1193,             0.00085645,             0.00085645,             0.00085645
                    147,                0.52124,                0.87218,                0.99257,                  0.958,                0.76225,                0.87399,                0.73126,                0.69753,                 0.8666,                 1.1162,             0.00085546,             0.00085546,             0.00085546
                    148,                0.47794,                0.81785,                 0.9525,                0.73206,                0.94463,                0.88436,                0.75718,                0.68349,                0.86747,                 1.1041,             0.00085447,             0.00085447,             0.00085447
                    149,                0.49921,                   0.79,                0.96853,                0.93817,                0.75266,                0.87399,                0.73496,                0.67517,                0.85137,                 1.0926,             0.00085348,             0.00085348,             0.00085348
                    150,                0.49265,                0.83304,                0.95937,                 0.7432,                0.85004,                0.87552,                0.73331,                0.66562,                0.82808,                 1.0954,             0.00085249,             0.00085249,             0.00085249
                    151,                0.50964,                0.87072,                0.98651,                0.75801,                0.95013,                0.88588,                0.75307,                0.67899,                0.83533,                 1.0965,              0.0008515,              0.0008515,              0.0008515
                    152,                0.48943,                0.81147,                0.97867,                0.89773,                0.84331,                0.89422,                0.75835,                0.69161,                 0.8253,                 1.0986,             0.00085051,             0.00085051,             0.00085051
                    153,                0.50328,                0.85796,                0.99577,                0.93217,                0.80943,                0.88309,                0.74522,                0.71222,                0.81159,                 1.1183,             0.00084952,             0.00084952,             0.00084952
                    154,                0.49506,                0.81808,                0.95731,                0.88853,                0.81886,                0.88309,                0.73345,                0.72808,                0.82465,                 1.1417,             0.00084853,             0.00084853,             0.00084853
                    155,                0.47828,                  0.792,                0.96694,                0.96253,                0.79276,                0.89346,                 0.7371,                0.71354,                0.82429,                 1.1296,             0.00084754,             0.00084754,             0.00084754
                    156,                0.45284,                0.79172,                0.96612,                0.91959,                0.85486,                0.89839,                0.76048,                0.71283,                 0.7946,                 1.1149,             0.00084655,             0.00084655,             0.00084655
                    157,                0.46501,                0.79057,                0.96358,                 0.9592,                0.82482,                0.89422,                0.74295,                0.71884,                0.79451,                 1.1185,             0.00084556,             0.00084556,             0.00084556
                    158,                0.48133,                0.80707,                0.97549,                0.92721,                 0.8286,                0.89686,                0.74426,                0.73079,                 0.7912,                 1.1262,             0.00084457,             0.00084457,             0.00084457
                    159,                0.47702,                0.81942,                0.96438,                0.96257,                0.79646,                0.88088,                0.73991,                0.71788,                 0.7973,                 1.1171,             0.00084358,             0.00084358,             0.00084358
                    160,                0.47152,                0.79441,                0.96139,                0.96169,                0.81621,                0.88385,                0.73881,                0.71743,                0.77416,                 1.1294,             0.00084259,             0.00084259,             0.00084259
                    161,                0.47658,                0.79588,                0.96596,                0.94855,                0.82478,                0.88385,                0.74427,                0.70532,                0.78185,                 1.1291,              0.0008416,              0.0008416,              0.0008416
                    162,                0.48439,                0.79091,                0.96859,                0.92825,                0.82224,                0.88649,                0.73088,                 0.7021,                0.80112,                 1.1313,             0.00084061,             0.00084061,             0.00084061
                    163,                0.51913,                0.84039,                0.99251,                0.91647,                0.83513,                0.88649,                0.73022,                0.71115,                 0.8278,                 1.1402,             0.00083962,             0.00083962,             0.00083962
                    164,                0.44213,                0.74033,                0.94183,                0.95975,                0.79776,                0.88385,                0.73024,                0.70141,                0.84517,                 1.1307,             0.00083863,             0.00083863,             0.00083863
                    165,                0.48038,                0.79146,                0.95674,                0.92058,                0.83933,                0.88385,                 0.7249,                 0.6851,                0.84149,                 1.1234,             0.00083764,             0.00083764,             0.00083764
                    166,                0.45813,                0.77636,                0.95515,                0.91237,                0.84974,                0.88385,                0.73065,                0.67658,                0.82366,                 1.1122,             0.00083665,             0.00083665,             0.00083665
                    167,                0.48627,                0.80653,                0.96609,                 0.8983,                0.82761,                0.87825,                0.73694,                0.69368,                0.82832,                 1.1211,             0.00083566,             0.00083566,             0.00083566
                    168,                0.47466,                0.79805,                0.96788,                0.92443,                0.83777,                0.88725,                0.73554,                0.69281,                0.81858,                 1.1163,             0.00083467,             0.00083467,             0.00083467
                    169,                0.46205,                0.76292,                0.96024,                0.93143,                0.83446,                0.89762,                0.75139,                0.70664,                0.79434,                 1.1275,             0.00083368,             0.00083368,             0.00083368
                    170,                0.45241,                0.76719,                0.94738,                0.94813,                0.82551,                0.89762,                0.74199,                0.70352,                 0.7912,                 1.1262,             0.00083269,             0.00083269,             0.00083269
                    171,                0.45864,                0.77594,                0.95157,                0.96967,                0.80966,                0.88944,                0.74185,                0.69409,                0.79535,                 1.1397,              0.0008317,              0.0008317,              0.0008317
